{
    "loss": 1.2494261264801025,
    "accuracy": 0.9568345546722412
}