{
    "loss": 2.1336278915405273,
    "accuracy": 0.6906474828720093
}